{
  "\u6811\u7684\u6570\u91cf": {
    "\u6811\u6570\u91cf50": {
      "precision": 0.9264705882352942,
      "recall": 1.0,
      "f1_score": 0.9618320610687023,
      "true_positives": 252,
      "false_positives": 20,
      "false_negatives": 0,
      "true_negative_rate": 0.9743589743589743,
      "auc": 0.998529711029711,
      "pr_auc": 0.9817649878290822,
      "mcc": 0.9501131154376814,
      "balanced_accuracy": 0.9871794871794872,
      "n_estimators": 50,
      "threshold": 0.02245219727057112
    },
    "\u6811\u6570\u91cf100": {
      "precision": 0.9130434782608695,
      "recall": 1.0,
      "f1_score": 0.9545454545454545,
      "true_positives": 252,
      "false_positives": 24,
      "false_negatives": 0,
      "true_negative_rate": 0.9692307692307692,
      "auc": 0.9986772486772487,
      "pr_auc": 0.9776121822248697,
      "mcc": 0.940717722154696,
      "balanced_accuracy": 0.9846153846153847,
      "n_estimators": 100,
      "threshold": 0.021591368913631986
    },
    "\u6811\u6570\u91cf200": {
      "precision": 0.9064748201438849,
      "recall": 1.0,
      "f1_score": 0.9509433962264151,
      "true_positives": 252,
      "false_positives": 26,
      "false_negatives": 0,
      "true_negative_rate": 0.9666666666666667,
      "auc": 0.9987179487179487,
      "pr_auc": 0.9777356990010682,
      "mcc": 0.9360870647572027,
      "balanced_accuracy": 0.9833333333333334,
      "n_estimators": 200,
      "threshold": 0.021004355474807224
    },
    "\u6811\u6570\u91cf300": {
      "precision": 0.9064748201438849,
      "recall": 1.0,
      "f1_score": 0.9509433962264151,
      "true_positives": 252,
      "false_positives": 26,
      "false_negatives": 0,
      "true_negative_rate": 0.9666666666666667,
      "auc": 0.9986518111518112,
      "pr_auc": 0.9775356040044554,
      "mcc": 0.9360870647572027,
      "balanced_accuracy": 0.9833333333333334,
      "n_estimators": 300,
      "threshold": 0.022715791713604036
    },
    "\u6811\u6570\u91cf500": {
      "precision": 0.9,
      "recall": 1.0,
      "f1_score": 0.9473684210526316,
      "true_positives": 252,
      "false_positives": 28,
      "false_negatives": 0,
      "true_negative_rate": 0.9641025641025641,
      "auc": 0.9986874236874237,
      "pr_auc": 0.9776432969715436,
      "mcc": 0.9315000309674217,
      "balanced_accuracy": 0.9820512820512821,
      "n_estimators": 500,
      "threshold": 0.02182597988740619
    }
  },
  "\u6bcf\u68f5\u6811\u6837\u672c\u6570": {
    "\u6837\u672c\u6570auto": {
      "precision": 0.9130434782608695,
      "recall": 1.0,
      "f1_score": 0.9545454545454545,
      "true_positives": 252,
      "false_positives": 24,
      "false_negatives": 0,
      "true_negative_rate": 0.9692307692307692,
      "auc": 0.9986772486772487,
      "pr_auc": 0.9776121822248697,
      "mcc": 0.940717722154696,
      "balanced_accuracy": 0.9846153846153847,
      "max_samples": "auto",
      "threshold": 0.021591368913631986
    },
    "\u6837\u672c\u6570100": {
      "precision": 0.9097472924187726,
      "recall": 1.0,
      "f1_score": 0.9527410207939508,
      "true_positives": 252,
      "false_positives": 25,
      "false_negatives": 0,
      "true_negative_rate": 0.967948717948718,
      "auc": 0.9966473341473342,
      "pr_auc": 0.9688370522462049,
      "mcc": 0.9383968911681605,
      "balanced_accuracy": 0.983974358974359,
      "max_samples": "100",
      "threshold": 0.02021129269547173
    },
    "\u6837\u672c\u6570200": {
      "precision": 0.9064748201438849,
      "recall": 1.0,
      "f1_score": 0.9509433962264151,
      "true_positives": 252,
      "false_positives": 26,
      "false_negatives": 0,
      "true_negative_rate": 0.9666666666666667,
      "auc": 0.9959656084656084,
      "pr_auc": 0.9649213079554146,
      "mcc": 0.9360870647572027,
      "balanced_accuracy": 0.9833333333333334,
      "max_samples": "200",
      "threshold": 0.021881213523028176
    },
    "\u6837\u672c\u6570500": {
      "precision": 0.9032258064516129,
      "recall": 1.0,
      "f1_score": 0.9491525423728813,
      "true_positives": 252,
      "false_positives": 27,
      "false_negatives": 0,
      "true_negative_rate": 0.9653846153846154,
      "auc": 0.9978886853886855,
      "pr_auc": 0.9748261131665219,
      "mcc": 0.9337881439420558,
      "balanced_accuracy": 0.9826923076923078,
      "max_samples": "500",
      "threshold": 0.020398481502076914
    },
    "\u6837\u672c\u65701000": {
      "precision": 0.9032258064516129,
      "recall": 1.0,
      "f1_score": 0.9491525423728813,
      "true_positives": 252,
      "false_positives": 27,
      "false_negatives": 0,
      "true_negative_rate": 0.9653846153846154,
      "auc": 0.9941849816849816,
      "pr_auc": 0.9532571695672848,
      "mcc": 0.9337881439420558,
      "balanced_accuracy": 0.9826923076923078,
      "max_samples": "1000",
      "threshold": 0.024448195931567475
    }
  },
  "\u5f02\u5e38\u6bd4\u4f8b": {
    "\u5f02\u5e38\u6bd4\u4f8b0.05": {
      "precision": 0.9130434782608695,
      "recall": 1.0,
      "f1_score": 0.9545454545454545,
      "true_positives": 252,
      "false_positives": 24,
      "false_negatives": 0,
      "true_negative_rate": 0.9692307692307692,
      "auc": 0.9986772486772487,
      "pr_auc": 0.9776121822248697,
      "mcc": 0.940717722154696,
      "balanced_accuracy": 0.9846153846153847,
      "contamination": 0.05,
      "threshold": 0.014187565358775172
    },
    "\u5f02\u5e38\u6bd4\u4f8b0.1": {
      "precision": 0.9130434782608695,
      "recall": 1.0,
      "f1_score": 0.9545454545454545,
      "true_positives": 252,
      "false_positives": 24,
      "false_negatives": 0,
      "true_negative_rate": 0.9692307692307692,
      "auc": 0.9986772486772487,
      "pr_auc": 0.9776121822248697,
      "mcc": 0.940717722154696,
      "balanced_accuracy": 0.9846153846153847,
      "contamination": 0.1,
      "threshold": 0.021591368913631986
    },
    "\u5f02\u5e38\u6bd4\u4f8b0.15": {
      "precision": 0.9130434782608695,
      "recall": 1.0,
      "f1_score": 0.9545454545454545,
      "true_positives": 252,
      "false_positives": 24,
      "false_negatives": 0,
      "true_negative_rate": 0.9692307692307692,
      "auc": 0.9986772486772487,
      "pr_auc": 0.9776121822248697,
      "mcc": 0.940717722154696,
      "balanced_accuracy": 0.9846153846153847,
      "contamination": 0.15,
      "threshold": 0.02617387026223959
    },
    "\u5f02\u5e38\u6bd4\u4f8b0.2": {
      "precision": 0.9130434782608695,
      "recall": 1.0,
      "f1_score": 0.9545454545454545,
      "true_positives": 252,
      "false_positives": 24,
      "false_negatives": 0,
      "true_negative_rate": 0.9692307692307692,
      "auc": 0.9986772486772487,
      "pr_auc": 0.9776121822248697,
      "mcc": 0.940717722154696,
      "balanced_accuracy": 0.9846153846153847,
      "contamination": 0.2,
      "threshold": 0.02953048116605515
    },
    "\u5f02\u5e38\u6bd4\u4f8b0.25": {
      "precision": 0.9130434782608695,
      "recall": 1.0,
      "f1_score": 0.9545454545454545,
      "true_positives": 252,
      "false_positives": 24,
      "false_negatives": 0,
      "true_negative_rate": 0.9692307692307692,
      "auc": 0.9986772486772487,
      "pr_auc": 0.9776121822248697,
      "mcc": 0.940717722154696,
      "balanced_accuracy": 0.9846153846153847,
      "contamination": 0.25,
      "threshold": 0.03242116647343616
    }
  },
  "\u7279\u5f81\u6570\u91cf": {
    "\u7279\u5f81\u6570auto": {
      "error": "The 'max_features' parameter of IsolationForest must be an instance of 'int' or a float in the range (0.0, 1.0]. Got 'auto' instead."
    },
    "\u7279\u5f81\u6570sqrt": {
      "error": "The 'max_features' parameter of IsolationForest must be an instance of 'int' or a float in the range (0.0, 1.0]. Got 'sqrt' instead."
    },